City_ID,City,Lat,Lng,Max Temp,Humidity,Cloudiness,Wind Speed,Country,Date
0,thompson,55.7435,-97.8558,-19.91,71,0,7.72,CA,2025-02-05
1,mozarlandia,-14.7447,-50.5706,22.87,91,92,1.63,BR,2025-02-05
2,huaquillas,-3.4833,-80.2333,27.13,78,75,2.57,EC,2025-02-05
3,greenville,35.6127,-77.3663,14.01,80,6,6.26,US,2025-02-05
4,port-aux-francais,-49.35,70.2167,5.88,98,100,9.41,TF,2025-02-05
5,raduzhny,62.0961,77.475,-23.31,100,99,1.21,RU,2025-02-05
6,east london,-33.0153,27.9116,24.95,90,100,4.77,ZA,2025-02-05
7,college,64.8569,-147.8028,-11.41,78,100,0.0,US,2025-02-05
8,grytviken,-54.2811,-36.5092,3.31,86,53,9.59,GS,2025-02-05
9,gadzhiyevo,69.2551,33.3362,-17.47,95,100,7.49,RU,2025-02-05
10,stanley,54.868,-1.6985,4.01,84,20,4.63,GB,2025-02-05
11,santa terezinha,-29.9002,-50.0904,25.14,92,2,4.51,BR,2025-02-05
12,ushuaia,-54.8,-68.3,6.42,96,100,1.44,AR,2025-02-05
13,adamstown,-25.066,-130.1015,25.2,77,5,5.5,PN,2025-02-05
14,laojunmiao,39.8333,97.7333,-13.32,66,100,1.26,CN,2025-02-05
15,edinburgh of the seven seas,-37.0676,-12.3116,16.22,74,29,5.66,SH,2025-02-05
16,kabinda,-6.1333,24.4833,19.06,97,100,0.79,CD,2025-02-05
17,de soto,34.9248,-89.9904,9.13,93,100,3.09,US,2025-02-05
18,nova sintra,14.8667,-24.7167,21.62,71,50,10.17,CV,2025-02-05
19,hawaiian paradise park,19.5933,-154.9731,25.73,70,40,3.6,US,2025-02-05
20,tura,25.5198,90.2201,14.96,66,0,1.44,IN,2025-02-05
21,invercargill,-46.4,168.35,21.11,46,100,0.42,NZ,2025-02-05
22,longyearbyen,78.2186,15.6401,-3.09,68,40,12.86,SJ,2025-02-05
23,iskateley,67.6803,53.1512,-7.91,94,100,5.68,RU,2025-02-05
24,ponta delgada,37.7333,-25.6667,18.44,100,100,3.09,PT,2025-02-05
25,keuruu,62.2667,24.7,-6.77,94,100,5.85,FI,2025-02-05
26,hermanus,-34.4187,19.2345,19.51,77,66,3.56,ZA,2025-02-05
27,port mathurin,-19.6833,63.4167,26.95,80,2,4.01,MU,2025-02-05
28,mbandaka,0.0487,18.2603,24.9,73,100,1.96,CD,2025-02-05
29,guerrero negro,27.9769,-114.0611,15.07,83,0,5.88,MX,2025-02-05
30,olonkinbyen,70.9221,-8.7187,-1.75,79,88,8.81,SJ,2025-02-05
31,santa marta de ortigueira,43.6833,-7.85,11.25,95,100,2.17,ES,2025-02-05
32,tolanaro,-25.0319,46.9987,23.65,92,100,3.88,MG,2025-02-05
33,lebu,-37.6167,-73.65,14.94,79,6,1.41,CL,2025-02-05
34,west island,-12.1568,96.8225,28.99,89,40,4.12,CC,2025-02-05
35,shukat as sufi,31.26,34.2826,14.01,76,24,3.49,PS,2025-02-05
36,chervona sloboda,49.3789,32.1464,-1.39,76,100,4.29,UA,2025-02-05
37,jamestown,42.097,-79.2353,-6.2,73,100,5.66,US,2025-02-05
38,bredasdorp,-34.5322,20.0403,19.14,71,25,3.37,ZA,2025-02-05
39,keflavik,64.0049,-22.5624,-1.76,93,100,15.95,IS,2025-02-05
40,laguna,38.421,-121.4238,13.98,90,100,14.4,US,2025-02-05
41,kodiak,57.79,-152.4072,0.73,86,20,0.0,US,2025-02-05
42,ciudad lazaro cardenas,17.9583,-102.2,25.4,75,0,2.3,MX,2025-02-05
43,bilibino,68.0546,166.4372,-42.33,96,45,1.47,RU,2025-02-05
44,guymon,36.6828,-101.4816,-2.0,64,0,5.14,US,2025-02-05
45,kiunga,-6.1219,141.2906,32.04,55,99,1.65,PG,2025-02-05
46,vila franca do campo,37.7167,-25.4333,18.27,99,100,3.0,PT,2025-02-05
47,coalcoman de vazquez pallares,18.7833,-103.15,20.54,69,1,1.37,MX,2025-02-05
48,houghton,47.1219,-88.569,-8.29,75,100,6.17,US,2025-02-05
49,robore,-18.3333,-59.75,26.35,58,79,1.73,BO,2025-02-05
50,wailua homesteads,22.0669,-159.378,23.44,58,0,8.23,US,2025-02-05
51,puerto ayora,-0.7393,-90.3518,24.75,99,8,0.45,EC,2025-02-05
52,ribeira grande,38.5167,-28.7,18.21,96,100,7.6,PT,2025-02-05
53,sur,22.5667,59.5289,18.23,61,0,0.8,OM,2025-02-05
54,ocean shores,46.9737,-124.1563,3.34,88,20,3.09,US,2025-02-05
55,yellowknife,62.456,-114.3525,-11.44,92,100,2.57,CA,2025-02-05
56,punta arenas,-53.15,-70.9167,10.06,71,40,8.23,CL,2025-02-05
57,zhaotong,27.3167,103.7167,1.44,97,100,2.28,CN,2025-02-05
58,wewak,-3.5534,143.6268,28.62,76,82,1.43,PG,2025-02-05
59,sitka,57.0531,-135.33,6.94,29,0,2.06,US,2025-02-05
60,nuuk,64.1835,-51.7216,-12.66,66,82,8.23,GL,2025-02-05
61,uturoa,-16.7333,-151.4333,28.21,69,26,4.01,PF,2025-02-05
62,new norfolk,-42.7826,147.0587,20.4,30,10,1.4,AU,2025-02-05
63,waitangi,-43.9535,-176.5597,14.34,76,81,3.58,NZ,2025-02-05
64,egilsstadir,65.2653,-14.3948,-1.05,74,75,8.23,IS,2025-02-05
65,kostanay,53.1667,63.5833,-6.84,79,0,5.0,KZ,2025-02-05
66,madison heights,42.4859,-83.1052,-3.81,67,0,3.6,US,2025-02-05
67,la passe,45.5549,-0.8967,6.87,75,4,1.36,FR,2025-02-05
68,rodolfo sanchez taboada,31.7167,-116.5667,13.94,87,16,0.89,MX,2025-02-05
69,macapa,0.0389,-51.0664,26.99,89,0,1.54,BR,2025-02-05
70,pereira barreto,-20.6383,-51.1092,22.57,87,100,3.58,BR,2025-02-05
71,papatowai,-46.5619,169.4708,18.62,54,100,2.28,NZ,2025-02-05
72,saipan,15.1355,145.701,31.39,75,20,7.72,MP,2025-02-05
73,bathsheba,13.2167,-59.5167,26.34,73,20,6.69,BB,2025-02-05
74,qaqortoq,60.7167,-46.0333,-19.31,64,15,5.3,GL,2025-02-05
75,port lincoln,-34.7333,135.8667,19.94,61,11,7.4,AU,2025-02-05
76,camarinas,43.1311,-9.1817,11.07,82,100,4.17,ES,2025-02-05
77,san patricio,28.017,-97.5169,21.97,92,100,3.77,US,2025-02-05
78,bom jesus,-9.0744,-44.3586,22.53,67,95,1.28,BR,2025-02-05
79,broome,42.2506,-75.833,-4.13,76,100,5.14,US,2025-02-05
80,georgetown,5.4112,100.3354,26.96,61,20,3.6,MY,2025-02-05
81,novodvinsk,64.4165,40.8122,-13.14,97,97,0.69,RU,2025-02-05
82,cabo san lucas,22.8909,-109.9124,22.17,49,0,4.12,MX,2025-02-05
83,hamilton,39.1834,-84.5333,4.12,68,100,1.79,US,2025-02-05
84,chonchi,-42.6128,-73.8092,13.4,81,0,0.39,CL,2025-02-05
85,thinadhoo,0.5333,72.9333,27.83,65,33,4.06,MV,2025-02-05
86,silifke,36.3778,33.9344,12.51,72,97,3.24,TR,2025-02-05
87,tiksi,71.6872,128.8694,-26.49,91,100,2.82,RU,2025-02-05
88,boende,-0.2167,20.8667,24.22,72,100,1.36,CD,2025-02-05
89,ust-nera,64.5667,143.2,-38.27,94,51,1.1,RU,2025-02-05
90,barcelos,41.5388,-8.6151,6.95,85,90,1.75,PT,2025-02-05
91,puerto natales,-51.7236,-72.4875,6.28,91,75,2.1,CL,2025-02-05
92,arraial do cabo,-22.9661,-42.0278,24.98,88,0,5.66,BR,2025-02-05
93,jinghong,21.991,100.7341,14.04,92,91,0.5,CN,2025-02-05
94,kavieng,-2.5744,150.7967,29.43,67,74,4.37,PG,2025-02-05
95,luderitz,-26.6481,15.1594,19.07,63,49,7.44,NA,2025-02-05
96,darwin,-12.4611,130.8418,28.3,89,75,1.54,AU,2025-02-05
97,blackmans bay,-43.0167,147.3167,19.74,44,7,3.16,AU,2025-02-05
98,albany,42.6001,-73.9662,-3.77,75,47,4.62,US,2025-02-05
99,constantia,44.1833,28.65,-0.62,69,9,5.22,RO,2025-02-05
100,colonia,50.9333,6.95,0.54,86,75,2.06,DE,2025-02-05
101,queenstown,-31.8976,26.8753,23.56,45,87,1.94,ZA,2025-02-05
102,avarua,-21.2078,-159.775,27.03,89,100,5.14,CK,2025-02-05
103,pakxan,18.3778,103.6601,17.32,61,3,1.0,LA,2025-02-05
104,wotje,9.4543,170.2367,26.78,84,99,10.38,MH,2025-02-05
105,lavrio,37.7145,24.0565,8.53,62,17,13.52,GR,2025-02-05
106,mar del plata,-38.0023,-57.5575,20.47,60,0,1.34,AR,2025-02-05
107,zinjibar,13.1287,45.3807,22.15,68,14,5.53,YE,2025-02-05
108,nemuro,43.3236,145.575,-0.4,68,16,10.53,JP,2025-02-05
109,yueyang,29.3333,113.0919,9.16,57,100,2.97,CN,2025-02-05
110,coquimbo,-29.9533,-71.3436,16.85,88,20,1.54,CL,2025-02-05
111,galeana,24.8333,-100.0667,12.68,78,52,1.9,MX,2025-02-05
112,porto novo,6.4965,2.6036,28.9,80,36,2.49,BJ,2025-02-05
113,parham,17.0968,-61.7705,24.83,83,75,4.63,AG,2025-02-05
114,sao joaquim,-28.2939,-49.9317,15.62,97,7,1.67,BR,2025-02-05
115,dunkirk,51.05,2.3667,5.59,91,100,4.97,FR,2025-02-05
116,figuig (centre),32.1089,-1.2286,7.67,52,16,2.83,MA,2025-02-05
117,abu zabad,12.35,29.25,22.2,25,0,5.99,SD,2025-02-05
118,cidade velha,14.9167,-23.6167,20.26,64,20,7.72,CV,2025-02-05
119,quellon,-43.1167,-73.6167,11.93,80,11,1.93,CL,2025-02-05
120,portage la prairie,49.9728,-98.2926,-19.5,64,100,2.03,CA,2025-02-05
121,nadym,65.5333,72.5167,-18.55,98,100,3.15,RU,2025-02-05
122,kupang,-10.1667,123.5833,31.32,70,40,5.14,ID,2025-02-05
123,enewetak,11.3474,162.3373,26.8,71,80,8.81,MH,2025-02-05
124,weno,7.4515,151.8468,28.97,79,100,4.12,FM,2025-02-05
125,st. john's,47.5649,-52.7093,-2.24,78,20,10.29,CA,2025-02-05
126,aasiaat,68.7098,-52.8699,-22.28,96,100,1.91,GL,2025-02-05
127,songadh,21.1667,73.5667,16.53,26,3,0.59,IN,2025-02-05
128,whangarei,-35.7317,174.3239,26.57,43,1,2.1,NZ,2025-02-05
129,ceeldheer,3.8488,47.1806,23.05,83,94,7.87,SO,2025-02-05
130,ilulissat,69.2167,-51.1,-19.99,71,100,5.14,GL,2025-02-05
131,cedeira,43.6797,-8.0209,10.54,95,100,3.52,ES,2025-02-05
132,ancud,-41.8697,-73.8203,13.95,76,4,0.87,CL,2025-02-05
133,walvis bay,-22.9575,14.5053,18.96,83,96,1.37,NA,2025-02-05
134,callao,-12.0667,-77.15,25.95,78,0,4.63,PE,2025-02-05
135,port alfred,-33.5906,26.891,22.32,96,100,1.34,ZA,2025-02-05
136,penzance,50.1186,-5.5371,7.38,73,0,6.43,GB,2025-02-05
137,udachny,66.4167,112.4,-34.18,92,100,2.21,RU,2025-02-05
138,tchintabaraden,15.8969,5.7985,21.8,17,100,4.77,NE,2025-02-05
139,port saint john's,-31.6229,29.5448,26.04,86,100,2.64,ZA,2025-02-05
140,yinchuan,38.4681,106.2731,-11.01,57,0,2.29,CN,2025-02-05
141,saldanha,-33.0117,17.9442,18.3,88,6,4.5,ZA,2025-02-05
142,codrington,-38.2667,141.9667,19.1,48,7,8.04,AU,2025-02-05
143,paimpol,48.7784,-3.0438,6.43,87,9,3.36,FR,2025-02-05
144,nova vicosa,-17.8919,-39.3719,24.81,86,0,3.83,BR,2025-02-05
145,ndele,8.4109,20.6473,23.88,23,84,1.89,CF,2025-02-05
146,bullhead city,35.1478,-114.5683,27.16,20,0,8.75,US,2025-02-05
147,prado,-17.3411,-39.2208,25.9,81,0,4.19,BR,2025-02-05
148,dawei,14.0833,98.2,23.39,79,2,1.56,MM,2025-02-05
149,ghanzi,-21.5667,21.7833,22.81,57,8,2.42,BW,2025-02-05
150,lihue,21.9789,-159.3672,23.77,53,0,8.23,US,2025-02-05
151,afaahiti,-17.75,-149.2833,26.61,75,31,3.8,PF,2025-02-05
152,vila velha,-20.3297,-40.2925,25.97,78,20,5.14,BR,2025-02-05
153,zaragoza,41.6561,-0.8773,8.25,63,0,5.66,ES,2025-02-05
154,kabo,7.6994,18.629,23.83,20,100,1.01,CF,2025-02-05
155,vernon,50.2581,-119.2691,-10.14,61,97,6.71,CA,2025-02-05
156,acapulco de juarez,16.8634,-99.8901,27.9,78,0,3.6,MX,2025-02-05
157,kapa'a,22.0752,-159.319,24.18,59,0,8.23,US,2025-02-05
158,yeongdong,36.175,127.7764,-6.68,58,100,3.71,KR,2025-02-05
159,lazaro cardenas,17.9583,-102.2,25.4,75,0,2.3,MX,2025-02-05
160,tarnogskiy gorodok,60.4997,43.5761,-6.34,96,100,1.82,RU,2025-02-05
161,falkenberg,56.9055,12.4912,3.47,92,100,8.16,SE,2025-02-05
162,mount pearl,47.5166,-52.7813,-2.7,83,20,10.29,CA,2025-02-05
163,kenitra,34.261,-6.5802,8.42,87,0,3.83,MA,2025-02-05
164,kudahuvadhoo,2.6708,72.8944,27.23,70,2,4.36,MV,2025-02-05
165,sinabang,2.4803,96.3801,27.02,79,55,1.01,ID,2025-02-05
166,iqaluit,63.7506,-68.5145,-30.15,69,0,1.03,CA,2025-02-05
167,hepingjie,42.0597,126.9158,-20.86,82,100,2.41,CN,2025-02-05
168,dampit,-8.2116,112.7493,29.32,52,28,1.57,ID,2025-02-05
169,bethel,41.3712,-73.414,-0.8,57,8,1.79,US,2025-02-05
170,north battleford,52.7834,-108.2847,-20.95,71,100,2.57,CA,2025-02-05
171,olinda,-8.0089,-34.8553,25.85,89,75,2.57,BR,2025-02-05
172,villa yapacani,-17.4,-63.8333,24.61,79,18,0.72,BO,2025-02-05
173,nelson bay,-32.7167,152.15,28.89,74,0,3.13,AU,2025-02-05
174,milazzo,38.2212,15.2383,12.32,84,4,1.79,IT,2025-02-05
175,minden,52.2833,8.9167,0.82,84,5,3.6,DE,2025-02-05
176,hanzhong,33.0728,107.0303,4.63,45,96,1.74,CN,2025-02-05
177,stafford,52.8052,-2.1164,4.85,80,0,5.3,GB,2025-02-05
178,emerald,-23.5333,148.1667,21.86,100,100,4.07,AU,2025-02-05
179,valparaiso,-33.0393,-71.6273,21.11,37,100,4.37,CL,2025-02-05
180,dudinka,69.4058,86.1778,-30.04,96,65,0.98,RU,2025-02-05
181,mata-utu,-13.2816,-176.1745,28.5,70,40,2.69,WF,2025-02-05
182,bechar,31.6167,-2.2167,6.18,52,20,1.54,DZ,2025-02-05
183,port elizabeth,-33.918,25.5701,22.4,95,100,1.79,ZA,2025-02-05
184,margaret river,-33.95,115.0667,23.01,48,0,1.86,AU,2025-02-05
185,sretensk,52.2453,117.7093,-21.81,96,100,1.73,RU,2025-02-05
186,yerofey pavlovich,53.9667,121.9667,-25.53,93,89,1.94,RU,2025-02-05
187,akureyri,65.6835,-18.0878,-1.04,59,20,8.23,IS,2025-02-05
188,tisul',55.7611,88.3122,-20.35,100,94,1.19,RU,2025-02-05
189,ballina,-28.8667,153.5667,24.44,76,100,0.59,AU,2025-02-05
190,whitehorse,60.7161,-135.0538,-16.06,81,75,1.54,CA,2025-02-05
191,haiku-pauwela,20.9219,-156.3051,24.03,67,20,5.81,US,2025-02-05
192,bayganin,48.6947,55.8742,-10.88,87,93,5.95,KZ,2025-02-05
193,pacific grove,36.6177,-121.9166,16.87,91,100,15.65,US,2025-02-05
194,crane,31.3974,-102.3501,21.67,60,2,8.03,US,2025-02-05
195,kisumu,-0.1022,34.7617,19.68,59,99,2.23,KE,2025-02-05
196,vilyuchinsk,52.9306,158.4028,-2.85,79,100,1.55,RU,2025-02-05
197,twon-brass,4.3151,6.2418,27.76,82,73,5.61,NG,2025-02-05
198,fale old settlement,-9.3852,-171.2468,28.74,67,8,5.82,TK,2025-02-05
199,narvik,68.4384,17.4272,-4.0,92,100,5.46,NO,2025-02-05
200,batumi,41.6416,41.6359,3.99,87,75,2.57,GE,2025-02-05
201,grand falls-windsor,48.9332,-55.6649,-5.83,78,42,2.68,CA,2025-02-05
202,taro,-8.3862,115.28,24.78,78,99,1.22,ID,2025-02-05
203,lompoc,34.6391,-120.4579,13.23,93,100,10.8,US,2025-02-05
204,carnarvon,-24.8667,113.6333,27.07,74,7,4.1,AU,2025-02-05
205,kayes,14.0,-11.0,22.82,13,100,3.63,ML,2025-02-05
206,general acha,-37.377,-64.6043,24.88,30,100,4.77,AR,2025-02-05
207,igarka,67.4667,86.5833,-22.42,85,96,4.13,RU,2025-02-05
208,maitland,28.6278,-81.3631,23.08,84,0,0.89,US,2025-02-05
209,maitum,6.0392,124.4986,26.88,79,100,0.71,PH,2025-02-05
210,badger,64.8,-147.5333,-11.46,85,100,0.0,US,2025-02-05
211,dingcheng,32.1272,115.0394,3.85,47,98,5.25,CN,2025-02-05
212,kurgan,55.45,65.3333,-11.46,96,100,2.08,RU,2025-02-05
213,kailua-kona,19.6406,-155.9956,25.71,70,14,0.45,US,2025-02-05
214,papao,-17.75,-149.55,30.82,70,40,0.38,PF,2025-02-05
215,lorengau,-2.0226,147.2712,30.03,67,99,3.59,PG,2025-02-05
216,tazovsky,67.4667,78.7,-27.58,100,100,2.36,RU,2025-02-05
217,waddan,29.1614,16.139,11.6,59,93,3.07,LY,2025-02-05
218,dunda,-8.1167,34.25,18.13,96,100,0.19,TZ,2025-02-05
219,yuzhno-kurilsk,44.0306,145.8556,-1.58,75,3,8.3,RU,2025-02-05
220,alofi,-19.0595,-169.9187,27.94,83,100,3.09,NU,2025-02-05
221,gadani,25.1185,66.7299,17.74,52,0,3.45,PK,2025-02-05
222,little elm,33.1626,-96.9375,11.2,67,100,2.71,US,2025-02-05
223,hasaki,35.7333,140.8333,5.22,30,0,5.99,JP,2025-02-05
224,hovd,48.0056,91.6419,-20.18,61,0,3.68,MN,2025-02-05
225,okha,53.5739,142.9478,-4.78,84,100,10.7,RU,2025-02-05
226,coronel du graty,-27.6804,-60.9146,33.51,27,65,3.69,AR,2025-02-05
227,wynyard,-41.0,145.7167,18.44,60,97,2.24,AU,2025-02-05
228,novyy urengoy,66.0833,76.6333,-21.9,100,100,3.1,RU,2025-02-05
229,mont-joli,48.5839,-68.1921,-11.28,62,100,13.89,CA,2025-02-05
230,urucui,-7.2294,-44.5561,24.59,70,100,0.97,BR,2025-02-05
231,riverton,40.5219,-111.9391,17.58,31,75,7.2,US,2025-02-05
232,mildura,-34.2,142.15,26.71,54,0,5.42,AU,2025-02-05
233,berezovo,63.9381,65.0419,-23.23,100,65,1.34,RU,2025-02-05
234,visby,57.6409,18.296,3.12,87,100,6.17,SE,2025-02-05
235,nelson,-41.2833,173.2833,20.16,87,100,0.45,NZ,2025-02-05
236,chopinzinho,-25.8558,-52.5233,20.05,97,100,2.25,BR,2025-02-05
237,huarmey,-10.0681,-78.1522,22.72,78,100,3.38,PE,2025-02-05
238,ola,59.5833,151.2833,-22.87,78,8,2.8,RU,2025-02-05
239,geraldton,-28.7667,114.6,30.23,42,26,2.57,AU,2025-02-05
240,hlybokaye,55.1382,27.6879,-4.06,82,9,1.5,BY,2025-02-05
241,namibe,-15.1961,12.1522,23.64,83,100,1.9,AO,2025-02-05
242,dalbandin,28.8947,64.4101,7.7,33,0,2.58,PK,2025-02-05
243,yorkton,51.2167,-102.4677,-22.09,71,100,2.06,CA,2025-02-05
244,linxia chengguanzhen,35.6003,103.2064,-13.62,95,89,1.21,CN,2025-02-05
245,prince rupert,54.3161,-130.3201,0.83,21,0,7.2,CA,2025-02-05
246,black river,18.0264,-77.8487,24.62,79,61,2.2,JM,2025-02-05
247,cole harbour,44.6724,-63.4751,-4.48,72,73,1.34,CA,2025-02-05
248,puerto san jose,13.9256,-90.8244,26.57,75,1,3.62,GT,2025-02-05
249,praia da vitoria,38.7333,-27.0667,16.14,100,75,6.72,PT,2025-02-05
250,arno,60.1167,18.6333,1.96,91,90,5.9,SE,2025-02-05
251,kone,-21.0595,164.8658,24.98,95,100,1.73,NC,2025-02-05
252,erenhot,43.6475,111.9767,-17.56,71,54,7.28,CN,2025-02-05
253,gubkinskiy,64.434,76.5026,-20.97,100,100,2.7,RU,2025-02-05
254,hadibu,12.65,54.0333,21.31,71,53,5.08,YE,2025-02-05
255,santana,-0.0583,-51.1817,27.1,89,0,1.54,BR,2025-02-05
256,isafjordur,66.0755,-23.124,-2.68,72,100,12.73,IS,2025-02-05
257,alavus,62.5833,23.6167,-4.69,90,100,6.78,FI,2025-02-05
258,hobyo,5.3505,48.5268,23.4,82,78,9.18,SO,2025-02-05
259,caraguatatuba,-23.6338,-45.4899,21.72,97,100,1.56,BR,2025-02-05
260,caleta de carquin,-11.0925,-77.6267,22.32,80,100,4.02,PE,2025-02-05
261,niafunke,15.9322,-3.9906,22.72,11,100,3.54,ML,2025-02-05
262,kruisfontein,-34.0033,24.7314,20.42,82,100,5.04,ZA,2025-02-05
263,talnakh,69.4865,88.3972,-24.52,96,95,3.01,RU,2025-02-05
264,key west,24.5557,-81.7826,24.0,86,0,5.66,US,2025-02-05
265,claye-souilly,48.9449,2.6857,3.01,98,100,3.6,FR,2025-02-05
266,hithadhoo,-0.6,73.0833,27.68,68,6,4.57,MV,2025-02-05
267,ilek,51.5271,53.3831,-10.26,86,52,4.8,RU,2025-02-05
268,la ronge,55.1001,-105.2842,-22.86,77,0,2.06,CA,2025-02-05
269,corn island,12.1694,-83.0418,26.63,81,92,9.95,NI,2025-02-05
270,tamanrasset,22.785,5.5228,12.95,18,0,1.03,DZ,2025-02-05
271,forster,-32.1667,152.5167,30.21,70,23,4.7,AU,2025-02-05
272,petropavlovsk-kamchatsky,53.0452,158.6483,-3.67,54,75,3.0,RU,2025-02-05
273,shingu,33.7333,135.9833,3.69,41,4,6.34,JP,2025-02-05
274,san andres,12.5847,-81.7006,26.01,89,40,8.23,CO,2025-02-05
275,honefoss,60.168,10.2565,3.15,100,100,4.11,NO,2025-02-05
276,kiama,-34.6833,150.8667,24.58,84,100,1.34,AU,2025-02-05
277,mount isa,-20.7333,139.5,31.87,51,20,3.6,AU,2025-02-05
278,chibougamau,49.9168,-74.3659,-23.21,70,0,4.12,CA,2025-02-05
279,altdorf,49.3875,11.3572,-3.82,91,11,1.17,DE,2025-02-05
280,katsuura,35.1333,140.3,4.81,45,100,3.35,JP,2025-02-05
281,anadyr,64.75,177.4833,-29.72,67,5,9.0,RU,2025-02-05
282,ambon,-3.6954,128.1814,31.62,100,40,1.03,ID,2025-02-05
283,el calafate,-50.3408,-72.2768,10.48,61,88,4.73,AR,2025-02-05
284,tezu,27.9167,96.1667,16.04,51,19,1.57,IN,2025-02-05
285,bahcelievler,41.0023,28.8598,5.71,52,75,5.66,TR,2025-02-05
286,helena valley west central,46.6629,-112.0604,-19.51,78,100,4.12,US,2025-02-05
287,ulundi,-28.3352,31.4162,20.14,87,2,1.9,ZA,2025-02-05
288,fenoarivo be,-18.4333,46.5667,19.47,97,100,1.12,MG,2025-02-05
289,happy valley-goose bay,53.3168,-60.3315,-15.83,66,75,6.17,CA,2025-02-05
290,tabou,4.423,-7.3528,26.2,86,39,2.46,CI,2025-02-05
291,qamdo,31.1667,97.2333,-2.19,51,10,1.87,CN,2025-02-05
292,vorgashor,67.5833,63.95,-17.67,95,100,2.87,RU,2025-02-05
293,kuhmo,64.1333,29.5167,-16.18,91,100,4.69,FI,2025-02-05
294,newman,37.3138,-121.0208,16.7,73,100,5.81,US,2025-02-05
295,benghazi,32.1167,20.0667,15.82,64,12,5.14,LY,2025-02-05
296,la'ie,21.6477,-157.9253,22.28,80,66,2.24,US,2025-02-05
297,rikaze,29.25,88.8833,-3.48,30,0,0.75,CN,2025-02-05
298,petauke,-14.2426,31.3253,18.91,98,100,0.99,ZM,2025-02-05
299,mossendjo,-2.9506,12.7261,21.83,99,100,0.24,CG,2025-02-05
300,ratekau,53.95,10.7333,2.96,81,100,3.09,DE,2025-02-05
301,saacow,1.6279,42.4407,24.74,67,97,5.45,SO,2025-02-05
302,kokopo,-4.352,152.2633,29.07,69,100,4.43,PG,2025-02-05
303,cockburn town,21.4612,-71.1419,24.96,70,23,8.55,TC,2025-02-05
304,pangody,65.85,74.4859,-20.11,100,89,3.28,RU,2025-02-05
305,taseyevo,57.2169,94.8978,-17.78,96,92,3.06,RU,2025-02-05
306,leh,34.1667,77.5833,-13.98,98,100,0.62,IN,2025-02-05
307,mendi,-6.1761,143.6513,19.0,82,100,1.82,PG,2025-02-05
308,york,40.1254,-77.0,2.55,45,0,2.57,US,2025-02-05
309,roma,43.2128,-75.4557,-4.92,80,100,5.14,US,2025-02-05
310,al fayyum,29.31,30.8418,12.02,81,6,2.84,EG,2025-02-05
311,newtown trim,53.5561,-6.77,3.74,89,100,5.59,IE,2025-02-05
312,klaksvik,62.2266,-6.589,4.9,66,9,10.53,FO,2025-02-05
313,talcahuano,-36.7167,-73.1167,16.82,77,0,3.6,CL,2025-02-05
314,zanjan,36.6736,48.4787,0.1,47,65,1.57,IR,2025-02-05
315,okhotsk,59.3833,143.3,-25.73,82,38,4.58,RU,2025-02-05
316,claudio,-20.4433,-44.7658,19.71,88,14,1.28,BR,2025-02-05
317,takoradi,4.8845,-1.7554,26.65,85,11,3.79,GH,2025-02-05
318,dzhambeyty,50.2536,52.595,-9.97,84,80,4.48,KZ,2025-02-05
319,merizo village,13.2658,144.6691,29.31,82,82,7.81,GU,2025-02-05
320,saint-francois,46.4154,3.9054,-1.85,100,100,1.03,FR,2025-02-05
321,sao joao da barra,-21.6403,-41.0511,25.31,86,0,9.18,BR,2025-02-05
322,labytnangi,66.6572,66.4183,-23.17,97,100,3.39,RU,2025-02-05
323,kingston,17.997,-76.7936,27.53,61,20,3.09,JM,2025-02-05
324,lawas,13.764,121.0566,26.19,79,98,4.7,PH,2025-02-05
325,zaozersk,69.4005,32.4476,-17.96,89,100,4.11,RU,2025-02-05
326,berrotaran,-32.451,-64.3887,22.27,55,3,0.9,AR,2025-02-05
327,moussoro,13.6408,16.4901,20.72,14,0,5.66,TD,2025-02-05
328,kitimat,54.0524,-128.6534,-8.92,70,0,3.22,CA,2025-02-05
329,xichang,27.8964,102.2634,6.49,76,94,0.38,CN,2025-02-05
330,manokwari,-0.8667,134.0833,27.55,74,100,1.57,ID,2025-02-05
331,mogocha,53.7333,119.7667,-24.29,92,100,2.87,RU,2025-02-05
332,sindgi,16.9167,76.2333,21.55,37,18,3.86,IN,2025-02-05
333,muli,2.9167,73.5667,27.37,63,18,5.54,MV,2025-02-05
334,tralee,52.2704,-9.7026,5.98,76,26,5.24,IE,2025-02-05
335,mana,5.6592,-53.7767,25.32,86,100,4.11,GF,2025-02-05
336,sovetskiy,61.3614,63.5842,-13.59,97,99,0.58,RU,2025-02-05
337,malpica,43.3228,-8.8105,10.68,100,99,3.04,ES,2025-02-05
338,tofol,5.3248,163.0078,26.88,89,100,5.14,FM,2025-02-05
339,utrik,11.2278,169.8474,26.64,80,16,9.56,MH,2025-02-05
340,peniche,39.3558,-9.3811,10.25,91,10,2.3,PT,2025-02-05
341,san antonio de pale,-1.4014,5.6325,27.35,80,99,4.03,GQ,2025-02-05
342,xai-xai,-25.0519,33.6442,23.95,86,100,3.58,MZ,2025-02-05
343,luga,58.7372,29.8453,-9.81,92,59,2.26,RU,2025-02-05
344,puerto baquerizo moreno,-0.9,-89.6,24.39,86,8,3.93,EC,2025-02-05
345,lewistown,40.5992,-77.5714,0.09,74,0,0.0,US,2025-02-05
346,agadez,19.75,10.25,18.99,16,13,4.35,NE,2025-02-05
347,cascais,38.6979,-9.4215,10.54,67,0,2.49,PT,2025-02-05
348,tsiombe,-25.3,45.4833,24.03,73,82,5.64,MG,2025-02-05
349,chirilagua,13.2203,-88.1386,26.76,45,1,1.41,SV,2025-02-05
350,zipaquira,5.0221,-74.0048,11.22,86,100,1.74,CO,2025-02-05
351,ntoum,0.3833,9.7833,24.99,94,50,1.35,GA,2025-02-05
352,murzuq,25.9155,13.9184,14.91,35,100,4.33,LY,2025-02-05
353,acajutla,13.5928,-89.8275,26.8,72,100,2.07,SV,2025-02-05
354,solrod strand,55.5328,12.2223,4.18,87,100,5.14,DK,2025-02-05
355,qashyr,53.0675,76.1036,-5.53,96,100,3.23,KZ,2025-02-05
356,patong,7.8961,98.2966,27.08,75,36,5.8,TH,2025-02-05
357,rongelap,11.1635,166.8941,26.56,80,87,9.12,MH,2025-02-05
358,kibakwe,-6.7167,36.3667,18.14,95,100,0.54,TZ,2025-02-05
359,al kharijah,25.4514,30.5464,14.77,46,99,3.69,EG,2025-02-05
360,constitucion,-35.3333,-72.4167,14.14,79,0,3.4,CL,2025-02-05
361,buala,-8.145,159.5921,30.28,64,100,2.58,SB,2025-02-05
362,puerto aysen,-45.4,-72.7,8.82,93,11,1.59,CL,2025-02-05
363,darnah,32.767,22.6367,14.53,73,34,7.35,LY,2025-02-05
364,aldinga beach,-35.2793,138.4604,22.82,47,10,6.47,AU,2025-02-05
365,panama city beach,30.1766,-85.8055,17.79,96,93,2.17,US,2025-02-05
366,turpan,42.9333,89.1667,-3.43,45,4,1.09,CN,2025-02-05
367,verkhnevilyuysk,63.4453,120.3167,-38.29,100,36,1.41,RU,2025-02-05
368,amahai,-3.3333,128.9167,28.15,71,100,0.95,ID,2025-02-05
369,mandalgovi,45.7625,106.2708,-16.52,68,16,8.81,MN,2025-02-05
370,poso,-1.3959,120.7524,29.32,62,100,0.67,ID,2025-02-05
371,castillos,-34.1667,-53.8333,23.95,92,72,3.77,UY,2025-02-05
372,sao jose da coroa grande,-8.8978,-35.1478,26.54,76,89,4.81,BR,2025-02-05
373,bloomfield,40.8068,-74.1854,2.04,56,40,5.66,US,2025-02-05
374,harper,4.375,-7.7169,26.39,85,12,2.63,LR,2025-02-05
375,azangaro,-14.9167,-70.2167,4.29,92,100,3.06,PE,2025-02-05
376,dickinson,29.4608,-95.0513,22.23,90,20,4.12,US,2025-02-05
377,clarence town,-32.5833,151.7833,32.95,33,0,1.56,AU,2025-02-05
378,klyuchi,52.2667,79.1667,-9.02,98,98,2.91,RU,2025-02-05
379,freetown,8.484,-13.2299,24.58,75,83,2.83,SL,2025-02-05
380,piacabucu,-10.4056,-36.4344,26.14,71,0,4.31,BR,2025-02-05
381,ilhabela,-23.7781,-45.3581,25.06,88,100,1.97,BR,2025-02-05
382,sheridan,44.8333,-106.9173,-16.79,71,75,2.06,US,2025-02-05
383,new plymouth,-39.0667,174.0833,21.43,62,78,3.1,NZ,2025-02-05
384,pocahontas,36.2615,-90.9712,6.93,87,100,6.17,US,2025-02-05
385,al burayqah,30.4062,19.5739,15.83,59,76,5.35,LY,2025-02-05
386,kletskaya,49.3145,43.0584,-4.41,91,7,4.86,RU,2025-02-05
387,khanty-mansiysk,61.0042,69.0019,-6.94,93,100,2.0,RU,2025-02-05
388,kurumkan,54.3,110.3,-28.41,89,48,1.91,RU,2025-02-05
389,port isabel,26.0734,-97.2086,21.71,94,100,4.63,US,2025-02-05
390,tosontsengel,48.7567,98.2839,-28.25,97,100,2.17,MN,2025-02-05
391,skelleftea,64.7507,20.9528,-3.33,100,100,5.14,SE,2025-02-05
392,mossel bay,-34.1831,22.146,19.56,83,0,5.02,ZA,2025-02-05
393,kouango,4.9934,19.9619,25.78,29,96,0.58,CF,2025-02-05
394,swakopmund,-22.6833,14.5333,18.61,89,100,1.19,NA,2025-02-05
395,aquin,18.2833,-73.4,24.19,77,1,1.03,HT,2025-02-05
396,erfurt,50.9833,11.0333,-1.45,73,88,1.64,DE,2025-02-05
397,tromso,69.6496,18.957,-2.99,74,75,12.35,NO,2025-02-05
398,uzgen,40.7699,73.3007,-5.17,71,100,2.75,KG,2025-02-05
399,iron river,46.0927,-88.6423,-15.65,93,100,2.52,US,2025-02-05
400,saint albans,51.75,-0.3333,5.63,92,0,3.09,GB,2025-02-05
401,pandan,14.0453,124.1694,26.34,83,85,4.57,PH,2025-02-05
402,vallenar,-28.5708,-70.7581,19.77,61,0,1.76,CL,2025-02-05
403,lucas,41.6501,-83.6666,-2.17,66,0,4.63,US,2025-02-05
404,vorkuta,67.5,64.0,-17.66,95,100,2.69,RU,2025-02-05
405,nouadhibou,20.931,-17.0347,16.99,77,0,9.26,MR,2025-02-05
406,mthatha,-31.5889,28.7844,23.53,73,94,1.6,ZA,2025-02-05
407,kununurra,-15.7667,128.7333,32.99,55,49,2.57,AU,2025-02-05
408,mto wa mbu,-3.35,35.85,20.04,74,100,2.47,TZ,2025-02-05
409,mariehamn,60.0973,19.9348,1.92,100,100,7.72,AX,2025-02-05
410,itoman,26.1247,127.6694,15.61,47,40,6.69,JP,2025-02-05
411,baie-saint-paul,47.4411,-70.4986,-12.13,70,0,4.43,CA,2025-02-05
412,thames,-37.1333,175.5333,26.21,42,100,3.65,NZ,2025-02-05
413,thanh hoa,19.8,105.7667,15.2,70,100,1.63,VN,2025-02-05
414,bodo,67.28,14.405,-2.81,97,100,15.95,NO,2025-02-05
415,basco,20.4487,121.9702,19.21,75,100,13.62,PH,2025-02-05
416,san luis de la loma,17.2706,-100.8939,25.3,73,0,2.16,MX,2025-02-05
417,kani keli,-12.9536,45.1033,28.59,79,100,7.51,YT,2025-02-05
418,xunchang,28.4543,104.715,7.14,94,100,0.88,CN,2025-02-05
419,katsuren-haebaru,26.3369,127.8719,15.61,43,75,5.66,JP,2025-02-05
420,ulsteinvik,62.3432,5.8487,5.17,90,100,1.34,NO,2025-02-05
421,itamaraca,-7.7478,-34.8256,25.19,86,100,4.41,BR,2025-02-05
422,angra do heroismo,38.65,-27.2167,16.34,100,75,6.47,PT,2025-02-05
423,rancho palos verdes,33.7445,-118.387,15.57,82,75,4.63,US,2025-02-05
424,polyarnyy,69.1989,33.4478,-16.72,91,100,8.67,RU,2025-02-05
425,hami,42.8,93.45,-7.23,46,0,1.5,CN,2025-02-05
426,mount gambier,-37.8333,140.7667,20.94,38,12,5.88,AU,2025-02-05
427,madalena,41.2162,-8.3345,7.39,83,93,1.29,PT,2025-02-05
428,rio grande,-32.035,-52.0986,24.59,94,1,5.98,BR,2025-02-05
429,hilo,19.7297,-155.09,25.85,75,40,3.6,US,2025-02-05
430,saudarkrokur,65.7461,-19.6394,-3.33,77,33,7.85,IS,2025-02-05
431,cartagena del chaira,1.3349,-74.8429,25.9,57,100,1.21,CO,2025-02-05
432,saint-pierre,-21.3393,55.4781,25.82,83,0,3.09,RE,2025-02-05
433,pontianak,-0.0333,109.3333,24.99,100,75,2.57,ID,2025-02-05
434,sidney,-33.8679,151.2073,32.97,62,6,2.24,AU,2025-02-05
435,thunder bay,48.4001,-89.3168,-15.01,51,0,5.66,CA,2025-02-05
436,eagle point,42.4726,-122.8028,1.6,95,100,0.0,US,2025-02-05
437,biltine,14.5333,20.9167,22.0,17,0,5.39,TD,2025-02-05
438,amarpur,25.0333,86.9,14.77,44,5,1.76,IN,2025-02-05
439,ust'-uda,54.1742,103.0304,-16.28,83,100,7.78,RU,2025-02-05
440,omaruru,-21.4333,15.9333,20.51,85,100,1.34,NA,2025-02-05
441,birzebbuga,35.8258,14.5269,9.38,93,0,1.54,MT,2025-02-05
442,lucapa,-8.4192,20.7447,18.11,95,100,0.89,AO,2025-02-05
443,oral,51.2333,51.3667,-8.01,79,0,7.0,KZ,2025-02-05
444,tadine,-21.55,167.8833,26.51,79,100,3.92,NC,2025-02-05
445,perth,-31.9333,115.8333,31.13,40,0,7.72,AU,2025-02-05
446,patiya,22.2931,91.9762,16.97,94,40,0.0,BD,2025-02-05
447,upata,8.0086,-62.3989,22.55,82,68,2.89,VE,2025-02-05
448,mora,11.0461,14.1401,20.66,20,27,2.61,CM,2025-02-05
449,kirensk,57.7853,108.1119,-25.84,91,100,3.91,RU,2025-02-05
450,puerto lopez,4.0845,-72.956,29.73,39,20,2.37,CO,2025-02-05
451,glen innes,-29.7333,151.7333,17.94,78,100,0.84,AU,2025-02-05
452,djibo,14.1022,-1.6306,22.16,12,69,5.96,BF,2025-02-05
453,atafu village,-8.5421,-172.5159,28.65,67,9,5.94,TK,2025-02-05
454,atherton,53.5237,-2.4935,5.25,82,38,0.89,GB,2025-02-05
455,aoulef,26.9667,1.0833,13.29,24,0,6.44,DZ,2025-02-05
456,alexandria,31.2156,29.9553,16.03,77,30,6.26,EG,2025-02-05
457,nagqu,31.5,92.0,-7.46,26,0,0.17,CN,2025-02-05
458,puerto armuelles,8.2833,-82.8667,26.72,56,0,0.45,PA,2025-02-05
459,shimoda,34.6667,138.95,3.91,57,0,12.62,JP,2025-02-05
460,macherla,16.4833,79.4333,21.5,49,11,2.22,IN,2025-02-05
461,"laikit, laikit ii (dimembe)",1.4792,124.9735,29.47,70,20,0.51,ID,2025-02-05
462,bel ombre,-4.6167,55.4167,26.45,79,20,4.8,SC,2025-02-05
463,le port,-20.9373,55.2919,26.05,96,54,3.53,RE,2025-02-05
464,arkhangel'sk,64.5401,40.5433,-12.94,85,100,2.0,RU,2025-02-05
465,kerikeri,-35.2268,173.9474,25.22,50,22,3.49,NZ,2025-02-05
466,tripoli,32.8752,13.1875,13.63,75,99,2.8,LY,2025-02-05
467,khandyga,62.6667,135.6,-37.98,91,37,0.49,RU,2025-02-05
468,petawawa,45.9001,-77.3328,-15.12,71,20,2.57,CA,2025-02-05
469,fisterra,42.9049,-9.2629,12.29,72,71,2.46,ES,2025-02-05
470,moyale,3.5167,39.0584,18.87,23,98,5.17,KE,2025-02-05
471,northam,51.0333,-4.2167,7.11,78,0,1.34,GB,2025-02-05
472,tinghir,31.5157,-5.5343,6.41,54,6,2.51,MA,2025-02-05
473,paka,4.6374,103.4368,24.99,88,40,0.0,MY,2025-02-05
474,valle de la pascua,9.2155,-66.0073,24.87,68,12,4.44,VE,2025-02-05
475,domna,51.8971,113.1573,-18.91,60,40,3.0,RU,2025-02-05
476,sambava,-14.2667,50.1667,23.88,93,100,2.08,MG,2025-02-05
477,bengkulu,-3.8004,102.2655,23.8,89,100,1.67,ID,2025-02-05
478,isangel,-19.55,169.2667,30.06,74,75,1.03,VU,2025-02-05
479,rabo de peixe,37.8,-25.5833,17.77,99,100,3.09,PT,2025-02-05
480,bubaque,11.2833,-15.8333,25.16,50,100,7.24,GW,2025-02-05
481,plettenberg bay,-34.0527,23.3716,18.99,90,14,3.22,ZA,2025-02-05
482,bandarbeyla,9.4942,50.8122,21.33,74,57,7.61,SO,2025-02-05
483,finote selam,10.7,37.2667,16.19,42,7,1.25,ET,2025-02-05
484,tchollire,8.4022,14.1698,22.07,16,65,0.2,CM,2025-02-05
485,kaa-khem,51.6833,94.7333,-24.24,98,100,1.39,RU,2025-02-05
486,calvinia,-31.4707,19.776,15.7,55,0,2.48,ZA,2025-02-05
487,bokovskaya,49.229,41.8306,-6.32,90,19,4.6,RU,2025-02-05
488,tver,56.8619,35.8931,-4.91,90,10,2.88,RU,2025-02-05
489,masterton,-40.9597,175.6575,24.44,26,3,2.84,NZ,2025-02-05
490,cidreira,-30.1811,-50.2056,25.2,92,0,4.94,BR,2025-02-05
491,lionel town,17.8101,-77.2406,23.89,79,4,2.55,JM,2025-02-05
492,chui,-33.6971,-53.4616,24.38,92,39,3.51,UY,2025-02-05
493,minzhu,43.7286,127.3447,-20.09,89,99,1.53,CN,2025-02-05
494,el bauga,18.262,33.9081,21.27,73,0,4.61,SD,2025-02-05
495,dumai,1.6833,101.45,23.98,94,91,0.68,ID,2025-02-05
496,rawson,-43.3002,-65.1023,17.16,34,0,5.14,AR,2025-02-05
497,beipiao,41.7919,120.7792,-12.35,38,0,4.91,CN,2025-02-05
498,lycksele,64.5954,18.6735,-4.07,93,100,5.14,SE,2025-02-05
499,tananger,58.9333,5.6,7.94,79,75,5.14,NO,2025-02-05
500,ceerigaabo,10.6162,47.368,9.76,55,11,1.63,SO,2025-02-05
501,padang,-0.9492,100.3543,26.03,71,93,1.38,ID,2025-02-05
502,yung shue wan,22.2333,114.1167,15.34,72,4,0.89,HK,2025-02-05
503,banikoara,11.2985,2.4386,24.89,16,14,2.44,BJ,2025-02-05
504,bamboo flat,11.7,92.7167,23.05,94,20,1.03,IN,2025-02-05
505,portland,45.5234,-122.6762,5.45,75,100,2.24,US,2025-02-05
506,santa clara de valladares,19.6382,-102.4904,20.42,39,17,1.57,MX,2025-02-05
507,howrah,22.5892,88.3103,18.0,88,20,0.0,IN,2025-02-05
508,harstad,68.799,16.5293,-1.03,86,100,4.02,NO,2025-02-05
509,tual,-5.6667,132.75,27.47,80,100,8.6,ID,2025-02-05
510,ta`u,-14.2336,-169.5144,28.33,71,25,3.33,AS,2025-02-05
511,kristiansund,63.1115,7.732,5.63,93,100,5.14,NO,2025-02-05
512,sorong,-0.8833,131.25,28.52,73,100,2.64,ID,2025-02-05
513,omdurman,15.6445,32.4777,25.04,31,0,5.29,SD,2025-02-05
514,krasnogvardeyskoye,45.8456,41.5186,-1.07,85,10,2.81,RU,2025-02-05
515,benguela,-12.5763,13.4055,25.02,86,100,1.59,AO,2025-02-05
516,umm kaddadah,13.6017,26.6876,19.85,26,0,6.45,SD,2025-02-05
517,antsiranana,-12.2787,49.2917,24.29,89,100,4.52,MG,2025-02-05
518,andergrove,-21.0833,149.1833,26.1,84,100,3.13,AU,2025-02-05
519,selfoss,63.9331,-20.9971,-0.53,62,100,15.81,IS,2025-02-05
520,smithers,54.7804,-127.1743,-16.82,66,0,0.0,CA,2025-02-05
521,bardai,11.65,7.2333,19.52,11,39,4.27,NG,2025-02-05
522,karnobat,42.65,26.9833,-1.45,71,0,2.28,BG,2025-02-05
523,kargasok,59.0556,80.8572,-23.76,100,46,0.96,RU,2025-02-05
524,sisimiut,66.9395,-53.6735,-19.67,95,100,1.69,GL,2025-02-05
525,bestobe,52.4994,73.0975,-15.15,98,100,1.36,KZ,2025-02-05
526,mugango,-1.6833,33.7,19.4,87,82,2.83,TZ,2025-02-05
527,kavaratti,10.5669,72.642,27.61,70,50,5.06,IN,2025-02-05
528,khada,27.1833,83.8833,13.95,48,10,0.99,IN,2025-02-05
529,khovd,48.0056,91.6419,-20.18,61,0,3.68,MN,2025-02-05
530,cardenas,23.0375,-81.2047,22.42,82,7,4.64,CU,2025-02-05
531,mitu,1.1983,-70.1733,24.94,74,65,0.89,CO,2025-02-05
532,lethbridge,49.7,-112.8186,-22.94,64,75,3.09,CA,2025-02-05
533,piggs peak,-25.9667,31.25,17.79,97,100,0.64,SZ,2025-02-05
534,kodinsk,58.6881,99.1844,-14.15,84,100,3.22,RU,2025-02-05
535,ploudalmezeau,48.5333,-4.65,4.21,93,0,1.03,FR,2025-02-05
536,candido mendes,-1.4467,-45.7167,23.76,97,100,0.65,BR,2025-02-05
537,nyurba,63.2842,118.3319,-35.61,100,90,2.04,RU,2025-02-05
538,san julian,21.0167,-102.1667,18.34,22,48,3.06,MX,2025-02-05
539,at taraf,25.3628,49.725,9.3,25,5,3.31,SA,2025-02-05
540,inari,68.906,27.0288,-13.39,85,100,6.01,FI,2025-02-05
541,yanchep,-31.55,115.6833,30.43,35,1,4.63,AU,2025-02-05
542,viedma,-40.8135,-62.9967,17.28,50,1,5.06,AR,2025-02-05
543,priozersk,61.0393,30.1291,-14.39,65,100,3.25,RU,2025-02-05
544,mufulira,-12.5498,28.2407,16.57,98,100,0.43,ZM,2025-02-05
545,mili,6.0815,171.735,26.97,84,100,9.55,MH,2025-02-05
546,leirvik,59.7798,5.5005,7.57,87,100,10.29,NO,2025-02-05
547,cudillero,43.5622,-6.1459,7.51,87,0,3.09,ES,2025-02-05
548,aioun,16.6614,-9.6149,17.18,16,73,4.86,MR,2025-02-05
549,kimbe,-5.5502,150.1429,24.99,94,100,1.72,PG,2025-02-05
550,brookings,44.3114,-96.7984,-14.41,70,0,4.12,US,2025-02-05
551,general conesa,-40.1,-64.4333,20.84,36,99,8.68,AR,2025-02-05
552,fish town,5.1964,-7.8756,21.54,92,48,1.13,LR,2025-02-05
553,kuta,-8.7233,115.1723,28.97,94,20,1.54,ID,2025-02-05
554,panorama,40.5878,23.0315,4.7,88,75,1.03,GR,2025-02-05
555,wakkanai,45.4094,141.6739,-2.01,80,75,1.54,JP,2025-02-05
556,mingshui,36.7167,117.5,-4.33,21,0,3.5,CN,2025-02-05
557,alice springs,-23.7,133.8833,34.75,24,3,9.77,AU,2025-02-05
558,placido de castro,-10.3353,-67.1856,22.81,95,84,0.85,BR,2025-02-05
559,remire-montjoly,4.9167,-52.2667,24.02,100,100,1.03,GF,2025-02-05
560,navirai,-23.065,-54.1906,22.35,97,99,2.68,BR,2025-02-05
561,malango,-2.9627,119.9001,28.13,53,81,1.76,ID,2025-02-05
562,fort st. john,56.2499,-120.8529,-29.06,76,0,2.06,CA,2025-02-05
563,palmer,42.1584,-72.3287,-2.47,47,3,1.79,US,2025-02-05
